workerid,proliferate.condition,label,error
386,condition=H&label=SH&respKeyExp=0&respKeyTest=1,SH,
461,condition=H&label=SH&respKeyExp=0&respKeyTest=1,SH,
282,condition=H&label=SH&respKeyExp=0&respKeyTest=1,SH,
313,condition=H&label=SH&respKeyExp=0&respKeyTest=1,SH,
153,condition=H&label=SH&respKeyExp=0&respKeyTest=1,SH,
104,condition=H&label=SH&respKeyExp=0&respKeyTest=1,SH,
78,condition=H&label=SH&respKeyExp=0&respKeyTest=1,SH,
254,condition=H&label=SH&respKeyExp=0&respKeyTest=1,SH,
93,condition=H&label=SH&respKeyExp=0&respKeyTest=1,SH,
464,condition=H&label=SH&respKeyExp=0&respKeyTest=1,SH,
267,condition=H&label=SH&respKeyExp=0&respKeyTest=1,SH,
298,condition=H&label=SH&respKeyExp=0&respKeyTest=1,SH,
88,condition=H&label=SH&respKeyExp=0&respKeyTest=1,SH,
144,condition=H&label=SH&respKeyExp=0&respKeyTest=1,SH,
117,condition=H&label=SH&respKeyExp=0&respKeyTest=1,SH,
311,condition=H&label=SH&respKeyExp=0&respKeyTest=1,SH,
393,condition=H&label=SH&respKeyExp=0&respKeyTest=1,SH,
79,condition=H&label=SH&respKeyExp=1&respKeyTest=1,SH,
309,condition=H&label=SH&respKeyExp=1&respKeyTest=1,SH,
281,condition=H&label=SH&respKeyExp=1&respKeyTest=1,SH,
255,condition=H&label=SH&respKeyExp=1&respKeyTest=1,SH,
116,condition=H&label=SH&respKeyExp=1&respKeyTest=1,SH,
112,condition=H&label=SH&respKeyExp=1&respKeyTest=1,SH,
105,condition=H&label=SH&respKeyExp=1&respKeyTest=1,SH,
452,condition=H&label=SH&respKeyExp=1&respKeyTest=1,SH,
249,condition=H&label=SH&respKeyExp=1&respKeyTest=1,SH,
406,condition=H&label=SH&respKeyExp=1&respKeyTest=1,SH,
297,condition=H&label=SH&respKeyExp=1&respKeyTest=1,SH,
156,condition=H&label=SH&respKeyExp=1&respKeyTest=1,SH,
124,condition=H&label=SH&respKeyExp=1&respKeyTest=1,SH,
312,condition=H&label=SH&respKeyExp=1&respKeyTest=1,SH,
392,condition=H&label=SH&respKeyExp=1&respKeyTest=1,SH,
81,condition=H&label=SH&respKeyExp=1&respKeyTest=1,SH,
280,condition=M&label=SH&respKeyExp=1&respKeyTest=0,SH,
220,condition=M&label=SH&respKeyExp=1&respKeyTest=0,SH,
444,condition=M&label=SH&respKeyExp=1&respKeyTest=0,SH,
242,condition=M&label=SH&respKeyExp=1&respKeyTest=0,SH,
180,condition=M&label=SH&respKeyExp=1&respKeyTest=0,SH,
200,condition=M&label=SH&respKeyExp=1&respKeyTest=0,SH,
173,condition=M&label=SH&respKeyExp=1&respKeyTest=0,SH,
351,condition=M&label=SH&respKeyExp=1&respKeyTest=0,SH,
253,condition=M&label=SH&respKeyExp=1&respKeyTest=0,SH,
162,condition=M&label=SH&respKeyExp=1&respKeyTest=0,SH,
265,condition=M&label=SH&respKeyExp=1&respKeyTest=0,SH,
331,condition=M&label=SH&respKeyExp=1&respKeyTest=0,SH,
243,condition=M&label=SH&respKeyExp=1&respKeyTest=0,SH,
326,condition=M&label=SH&respKeyExp=1&respKeyTest=0,SH,
450,condition=M&label=SH&respKeyExp=1&respKeyTest=0,SH,
370,condition=M&label=SH&respKeyExp=1&respKeyTest=0,SH,
345,condition=H&label=S&respKeyExp=1&respKeyTest=1,S,
148,condition=H&label=S&respKeyExp=1&respKeyTest=1,S,
264,condition=H&label=S&respKeyExp=1&respKeyTest=1,S,
279,condition=H&label=S&respKeyExp=1&respKeyTest=1,S,
150,condition=H&label=S&respKeyExp=1&respKeyTest=1,S,
385,condition=H&label=S&respKeyExp=1&respKeyTest=1,S,
84,condition=H&label=S&respKeyExp=1&respKeyTest=1,S,
71,condition=H&label=S&respKeyExp=1&respKeyTest=1,S,
135,condition=H&label=S&respKeyExp=1&respKeyTest=1,S,
140,condition=H&label=S&respKeyExp=1&respKeyTest=1,S,
143,condition=H&label=S&respKeyExp=1&respKeyTest=1,S,
295,condition=H&label=S&respKeyExp=1&respKeyTest=1,S,
435,condition=H&label=S&respKeyExp=1&respKeyTest=1,S,
368,condition=H&label=S&respKeyExp=1&respKeyTest=1,S,
96,condition=H&label=S&respKeyExp=1&respKeyTest=1,S,
426,condition=H&label=S&respKeyExp=1&respKeyTest=1,S,
448,condition=H&label=S&respKeyExp=1&respKeyTest=0,S,
294,condition=H&label=S&respKeyExp=1&respKeyTest=0,S,
366,condition=H&label=S&respKeyExp=1&respKeyTest=0,S,
278,condition=H&label=S&respKeyExp=1&respKeyTest=0,S,
70,condition=H&label=S&respKeyExp=1&respKeyTest=0,S,
126,condition=H&label=S&respKeyExp=1&respKeyTest=0,S,
357,condition=H&label=S&respKeyExp=1&respKeyTest=0,S,
127,condition=H&label=S&respKeyExp=1&respKeyTest=0,S,
121,condition=H&label=S&respKeyExp=1&respKeyTest=0,S,
134,condition=H&label=S&respKeyExp=1&respKeyTest=0,S,
108,condition=H&label=S&respKeyExp=1&respKeyTest=0,S,
138,condition=H&label=S&respKeyExp=1&respKeyTest=0,S,
115,condition=H&label=S&respKeyExp=1&respKeyTest=0,S,
403,condition=H&label=S&respKeyExp=1&respKeyTest=0,S,
424,condition=H&label=S&respKeyExp=1&respKeyTest=0,S,
119,condition=H&label=S&respKeyExp=1&respKeyTest=0,S,
308,condition=M&label=S&respKeyExp=1&respKeyTest=0,S,
163,condition=M&label=S&respKeyExp=1&respKeyTest=0,S,
402,condition=M&label=S&respKeyExp=1&respKeyTest=0,S,
391,condition=M&label=S&respKeyExp=1&respKeyTest=0,S,
293,condition=M&label=S&respKeyExp=1&respKeyTest=0,S,
335,condition=M&label=S&respKeyExp=1&respKeyTest=0,S,
226,condition=M&label=S&respKeyExp=1&respKeyTest=0,S,
199,condition=M&label=S&respKeyExp=1&respKeyTest=0,S,
160,condition=M&label=S&respKeyExp=1&respKeyTest=0,S,
319,condition=M&label=S&respKeyExp=1&respKeyTest=0,S,
315,condition=M&label=S&respKeyExp=1&respKeyTest=0,S,
384,condition=M&label=S&respKeyExp=1&respKeyTest=0,S,
211,condition=M&label=S&respKeyExp=1&respKeyTest=0,S,
222,condition=M&label=S&respKeyExp=1&respKeyTest=0,S,
193,condition=M&label=S&respKeyExp=1&respKeyTest=0,S,
328,condition=H&label=SH&respKeyExp=1&respKeyTest=0,SH,
457,condition=H&label=SH&respKeyExp=1&respKeyTest=0,SH,
90,condition=H&label=SH&respKeyExp=1&respKeyTest=0,SH,
86,condition=H&label=SH&respKeyExp=1&respKeyTest=0,SH,
364,condition=H&label=SH&respKeyExp=1&respKeyTest=0,SH,
142,condition=H&label=SH&respKeyExp=1&respKeyTest=0,SH,
157,condition=H&label=SH&respKeyExp=1&respKeyTest=0,SH,
98,condition=H&label=SH&respKeyExp=1&respKeyTest=0,SH,
137,condition=H&label=SH&respKeyExp=1&respKeyTest=0,SH,
344,condition=H&label=SH&respKeyExp=1&respKeyTest=0,SH,
276,condition=H&label=SH&respKeyExp=1&respKeyTest=0,SH,
400,condition=H&label=SH&respKeyExp=1&respKeyTest=0,SH,
149,condition=H&label=SH&respKeyExp=1&respKeyTest=0,SH,
103,condition=H&label=SH&respKeyExp=1&respKeyTest=0,SH,
74,condition=H&label=SH&respKeyExp=1&respKeyTest=0,SH,
459,condition=H&label=SH&respKeyExp=1&respKeyTest=0,SH,
204,condition=M&label=S&respKeyExp=0&respKeyTest=0,S,
363,condition=M&label=S&respKeyExp=0&respKeyTest=0,S,
379,condition=M&label=S&respKeyExp=0&respKeyTest=0,S,
221,condition=M&label=S&respKeyExp=0&respKeyTest=0,S,
166,condition=M&label=S&respKeyExp=0&respKeyTest=0,S,
291,condition=M&label=S&respKeyExp=0&respKeyTest=0,S,
275,condition=M&label=S&respKeyExp=0&respKeyTest=0,S,
443,condition=M&label=S&respKeyExp=0&respKeyTest=0,S,
231,condition=M&label=S&respKeyExp=0&respKeyTest=0,S,
262,condition=M&label=S&respKeyExp=0&respKeyTest=0,S,
198,condition=M&label=S&respKeyExp=0&respKeyTest=0,S,
202,condition=M&label=S&respKeyExp=0&respKeyTest=0,S,
172,condition=M&label=S&respKeyExp=0&respKeyTest=0,S,
232,condition=M&label=S&respKeyExp=0&respKeyTest=0,S,
399,condition=M&label=S&respKeyExp=0&respKeyTest=0,S,
383,condition=H&label=S&respKeyExp=0&respKeyTest=1,S,
306,condition=H&label=S&respKeyExp=0&respKeyTest=1,S,
73,condition=H&label=S&respKeyExp=0&respKeyTest=1,S,
454,condition=H&label=S&respKeyExp=0&respKeyTest=1,S,
421,condition=H&label=S&respKeyExp=0&respKeyTest=1,S,
118,condition=H&label=S&respKeyExp=0&respKeyTest=1,S,
89,condition=H&label=S&respKeyExp=0&respKeyTest=1,S,
342,condition=H&label=S&respKeyExp=0&respKeyTest=1,S,
290,condition=H&label=S&respKeyExp=0&respKeyTest=1,S,
274,condition=H&label=S&respKeyExp=0&respKeyTest=1,S,
94,condition=H&label=S&respKeyExp=0&respKeyTest=1,S,
404,condition=H&label=S&respKeyExp=0&respKeyTest=1,S,
107,condition=H&label=S&respKeyExp=0&respKeyTest=1,S,
97,condition=H&label=S&respKeyExp=0&respKeyTest=1,S,
155,condition=H&label=S&respKeyExp=0&respKeyTest=1,S,
147,condition=H&label=S&respKeyExp=0&respKeyTest=1,S,
187,condition=M&label=S&respKeyExp=0&respKeyTest=1,S,
179,condition=M&label=S&respKeyExp=0&respKeyTest=1,S,
420,condition=M&label=S&respKeyExp=0&respKeyTest=1,S,
341,condition=M&label=S&respKeyExp=0&respKeyTest=1,S,
260,condition=M&label=S&respKeyExp=0&respKeyTest=1,S,
182,condition=M&label=S&respKeyExp=0&respKeyTest=1,S,
382,condition=M&label=S&respKeyExp=0&respKeyTest=1,S,
376,condition=M&label=S&respKeyExp=0&respKeyTest=1,S,
453,condition=M&label=S&respKeyExp=0&respKeyTest=1,S,
240,condition=M&label=S&respKeyExp=0&respKeyTest=1,S,
176,condition=M&label=S&respKeyExp=0&respKeyTest=1,S,
305,condition=M&label=S&respKeyExp=0&respKeyTest=1,S,
289,condition=M&label=S&respKeyExp=0&respKeyTest=1,S,
230,condition=M&label=S&respKeyExp=0&respKeyTest=1,S,
248,condition=M&label=S&respKeyExp=0&respKeyTest=1,S,
170,condition=M&label=S&respKeyExp=0&respKeyTest=1,S,
169,condition=M&label=SH&respKeyExp=0&respKeyTest=0,SH,
209,condition=M&label=SH&respKeyExp=0&respKeyTest=0,SH,
321,condition=M&label=SH&respKeyExp=0&respKeyTest=0,SH,
188,condition=M&label=SH&respKeyExp=0&respKeyTest=0,SH,
175,condition=M&label=SH&respKeyExp=0&respKeyTest=0,SH,
398,condition=M&label=SH&respKeyExp=0&respKeyTest=0,SH,
451,condition=M&label=SH&respKeyExp=0&respKeyTest=0,SH,
323,condition=M&label=SH&respKeyExp=0&respKeyTest=0,SH,
181,condition=M&label=SH&respKeyExp=0&respKeyTest=0,SH,
325,condition=M&label=SH&respKeyExp=0&respKeyTest=0,SH,
442,condition=M&label=SH&respKeyExp=0&respKeyTest=0,SH,
196,condition=M&label=SH&respKeyExp=0&respKeyTest=0,SH,
456,condition=M&label=SH&respKeyExp=0&respKeyTest=0,SH,
194,condition=M&label=SH&respKeyExp=0&respKeyTest=0,SH,
288,condition=M&label=SH&respKeyExp=0&respKeyTest=0,SH,
214,condition=M&label=SH&respKeyExp=0&respKeyTest=0,SH,
369,condition=M&label=SH&respKeyExp=0&respKeyTest=1,SH,
303,condition=M&label=SH&respKeyExp=0&respKeyTest=1,SH,
178,condition=M&label=SH&respKeyExp=0&respKeyTest=1,SH,
227,condition=M&label=SH&respKeyExp=0&respKeyTest=1,SH,
241,condition=M&label=SH&respKeyExp=0&respKeyTest=1,SH,
201,condition=M&label=SH&respKeyExp=0&respKeyTest=1,SH,
168,condition=M&label=SH&respKeyExp=0&respKeyTest=1,SH,
449,condition=M&label=SH&respKeyExp=0&respKeyTest=1,SH,
218,condition=M&label=SH&respKeyExp=0&respKeyTest=1,SH,
271,condition=M&label=SH&respKeyExp=0&respKeyTest=1,SH,
197,condition=M&label=SH&respKeyExp=0&respKeyTest=1,SH,
378,condition=M&label=SH&respKeyExp=0&respKeyTest=1,SH,
208,condition=M&label=SH&respKeyExp=0&respKeyTest=1,SH,
433,condition=M&label=SH&respKeyExp=0&respKeyTest=1,SH,
213,condition=M&label=SH&respKeyExp=0&respKeyTest=1,SH,
287,condition=M&label=SH&respKeyExp=0&respKeyTest=1,SH,
186,condition=M&label=SH&respKeyExp=1&respKeyTest=1,SH,
375,condition=M&label=SH&respKeyExp=1&respKeyTest=1,SH,
380,condition=M&label=SH&respKeyExp=1&respKeyTest=1,SH,
236,condition=M&label=SH&respKeyExp=1&respKeyTest=1,SH,
361,condition=M&label=SH&respKeyExp=1&respKeyTest=1,SH,
245,condition=M&label=SH&respKeyExp=1&respKeyTest=1,SH,
229,condition=M&label=SH&respKeyExp=1&respKeyTest=1,SH,
462,condition=M&label=SH&respKeyExp=1&respKeyTest=1,SH,
247,condition=M&label=SH&respKeyExp=1&respKeyTest=1,SH,
184,condition=M&label=SH&respKeyExp=1&respKeyTest=1,SH,
463,condition=M&label=SH&respKeyExp=1&respKeyTest=1,SH,
177,condition=M&label=SH&respKeyExp=1&respKeyTest=1,SH,
416,condition=M&label=SH&respKeyExp=1&respKeyTest=1,SH,
286,condition=M&label=SH&respKeyExp=1&respKeyTest=1,SH,
235,condition=M&label=SH&respKeyExp=1&respKeyTest=1,SH,
161,condition=M&label=SH&respKeyExp=1&respKeyTest=1,SH,
239,condition=M&label=SH&respKeyExp=1&respKeyTest=1,SH,
158,condition=H&label=SH&respKeyExp=0&respKeyTest=0,SH,
85,condition=H&label=SH&respKeyExp=0&respKeyTest=0,SH,
128,condition=H&label=SH&respKeyExp=0&respKeyTest=0,SH,
285,condition=H&label=SH&respKeyExp=0&respKeyTest=0,SH,
72,condition=H&label=SH&respKeyExp=0&respKeyTest=0,SH,
114,condition=H&label=SH&respKeyExp=0&respKeyTest=0,SH,
415,condition=H&label=SH&respKeyExp=0&respKeyTest=0,SH,
438,condition=H&label=SH&respKeyExp=0&respKeyTest=0,SH,
123,condition=H&label=SH&respKeyExp=0&respKeyTest=0,SH,
258,condition=H&label=SH&respKeyExp=0&respKeyTest=0,SH,
270,condition=H&label=SH&respKeyExp=0&respKeyTest=0,SH,
139,condition=H&label=SH&respKeyExp=0&respKeyTest=0,SH,
360,condition=H&label=SH&respKeyExp=0&respKeyTest=0,SH,
409,condition=H&label=SH&respKeyExp=0&respKeyTest=0,SH,
87,condition=H&label=SH&respKeyExp=0&respKeyTest=0,SH,
348,condition=H&label=SH&respKeyExp=0&respKeyTest=0,SH,
122,condition=H&label=S&respKeyExp=0&respKeyTest=0,S,
113,condition=H&label=S&respKeyExp=0&respKeyTest=0,S,
429,condition=H&label=S&respKeyExp=0&respKeyTest=0,S,
414,condition=H&label=S&respKeyExp=0&respKeyTest=0,S,
65,condition=H&label=S&respKeyExp=0&respKeyTest=0,S,
66,condition=H&label=S&respKeyExp=0&respKeyTest=0,S,
284,condition=H&label=S&respKeyExp=0&respKeyTest=0,S,
154,condition=H&label=S&respKeyExp=0&respKeyTest=0,S,
92,condition=H&label=S&respKeyExp=0&respKeyTest=0,S,
394,condition=H&label=S&respKeyExp=0&respKeyTest=0,S,
133,condition=H&label=S&respKeyExp=0&respKeyTest=0,S,
316,condition=H&label=S&respKeyExp=0&respKeyTest=0,S,
436,condition=H&label=S&respKeyExp=0&respKeyTest=0,S,
333,condition=H&label=S&respKeyExp=0&respKeyTest=0,S,
125,condition=H&label=S&respKeyExp=0&respKeyTest=0,S,
320,condition=H&label=S&respKeyExp=0&respKeyTest=0,S,
336,condition=H&label=S&respKeyExp=0&respKeyTest=0,S,
203,condition=M&label=S&respKeyExp=1&respKeyTest=1,S,
367,condition=M&label=S&respKeyExp=1&respKeyTest=1,S,
167,condition=M&label=S&respKeyExp=1&respKeyTest=1,S,
314,condition=M&label=S&respKeyExp=1&respKeyTest=1,S,
195,condition=M&label=S&respKeyExp=1&respKeyTest=1,S,
174,condition=M&label=S&respKeyExp=1&respKeyTest=1,S,
412,condition=M&label=S&respKeyExp=1&respKeyTest=1,S,
251,condition=M&label=S&respKeyExp=1&respKeyTest=1,S,
317,condition=M&label=S&respKeyExp=1&respKeyTest=1,S,
165,condition=M&label=S&respKeyExp=1&respKeyTest=1,S,
425,condition=M&label=S&respKeyExp=1&respKeyTest=1,S,
439,condition=M&label=S&respKeyExp=1&respKeyTest=1,S,
318,condition=M&label=S&respKeyExp=1&respKeyTest=1,S,
223,condition=M&label=S&respKeyExp=1&respKeyTest=1,S,
283,condition=M&label=S&respKeyExp=1&respKeyTest=1,S,
246,condition=M&label=S&respKeyExp=1&respKeyTest=1,S,
