workerid,proliferate.condition,rsrb.age,error
386,condition=H&label=SH&respKeyExp=0&respKeyTest=1,41,
461,condition=H&label=SH&respKeyExp=0&respKeyTest=1,,
282,condition=H&label=SH&respKeyExp=0&respKeyTest=1,46,
313,condition=H&label=SH&respKeyExp=0&respKeyTest=1,35,
153,condition=H&label=SH&respKeyExp=0&respKeyTest=1,52,
104,condition=H&label=SH&respKeyExp=0&respKeyTest=1,23,
78,condition=H&label=SH&respKeyExp=0&respKeyTest=1,35,
254,condition=H&label=SH&respKeyExp=0&respKeyTest=1,49,
93,condition=H&label=SH&respKeyExp=0&respKeyTest=1,45,
464,condition=H&label=SH&respKeyExp=0&respKeyTest=1,27,
267,condition=H&label=SH&respKeyExp=0&respKeyTest=1,52,
298,condition=H&label=SH&respKeyExp=0&respKeyTest=1,35,
88,condition=H&label=SH&respKeyExp=0&respKeyTest=1,37,
144,condition=H&label=SH&respKeyExp=0&respKeyTest=1,26,
117,condition=H&label=SH&respKeyExp=0&respKeyTest=1,53,
311,condition=H&label=SH&respKeyExp=0&respKeyTest=1,41,
393,condition=H&label=SH&respKeyExp=0&respKeyTest=1,37,
79,condition=H&label=SH&respKeyExp=1&respKeyTest=1,30,
309,condition=H&label=SH&respKeyExp=1&respKeyTest=1,19,
281,condition=H&label=SH&respKeyExp=1&respKeyTest=1,35,
255,condition=H&label=SH&respKeyExp=1&respKeyTest=1,43,
116,condition=H&label=SH&respKeyExp=1&respKeyTest=1,55,
112,condition=H&label=SH&respKeyExp=1&respKeyTest=1,64,
105,condition=H&label=SH&respKeyExp=1&respKeyTest=1,27,
452,condition=H&label=SH&respKeyExp=1&respKeyTest=1,66,
249,condition=H&label=SH&respKeyExp=1&respKeyTest=1,58,
406,condition=H&label=SH&respKeyExp=1&respKeyTest=1,32,
297,condition=H&label=SH&respKeyExp=1&respKeyTest=1,29,
156,condition=H&label=SH&respKeyExp=1&respKeyTest=1,36,
124,condition=H&label=SH&respKeyExp=1&respKeyTest=1,32,
312,condition=H&label=SH&respKeyExp=1&respKeyTest=1,33,
392,condition=H&label=SH&respKeyExp=1&respKeyTest=1,39,
81,condition=H&label=SH&respKeyExp=1&respKeyTest=1,25,
280,condition=M&label=SH&respKeyExp=1&respKeyTest=0,53,
220,condition=M&label=SH&respKeyExp=1&respKeyTest=0,27,
444,condition=M&label=SH&respKeyExp=1&respKeyTest=0,32,
242,condition=M&label=SH&respKeyExp=1&respKeyTest=0,56,
180,condition=M&label=SH&respKeyExp=1&respKeyTest=0,46,
200,condition=M&label=SH&respKeyExp=1&respKeyTest=0,47,
173,condition=M&label=SH&respKeyExp=1&respKeyTest=0,33,
351,condition=M&label=SH&respKeyExp=1&respKeyTest=0,41,
253,condition=M&label=SH&respKeyExp=1&respKeyTest=0,32,
162,condition=M&label=SH&respKeyExp=1&respKeyTest=0,60,
265,condition=M&label=SH&respKeyExp=1&respKeyTest=0,50,
331,condition=M&label=SH&respKeyExp=1&respKeyTest=0,26,
243,condition=M&label=SH&respKeyExp=1&respKeyTest=0,66,
326,condition=M&label=SH&respKeyExp=1&respKeyTest=0,39,
450,condition=M&label=SH&respKeyExp=1&respKeyTest=0,40,
370,condition=M&label=SH&respKeyExp=1&respKeyTest=0,37,
345,condition=H&label=S&respKeyExp=1&respKeyTest=1,23,
148,condition=H&label=S&respKeyExp=1&respKeyTest=1,32,
264,condition=H&label=S&respKeyExp=1&respKeyTest=1,35,
279,condition=H&label=S&respKeyExp=1&respKeyTest=1,48,
150,condition=H&label=S&respKeyExp=1&respKeyTest=1,37,
385,condition=H&label=S&respKeyExp=1&respKeyTest=1,29,
84,condition=H&label=S&respKeyExp=1&respKeyTest=1,37,
71,condition=H&label=S&respKeyExp=1&respKeyTest=1,36,
135,condition=H&label=S&respKeyExp=1&respKeyTest=1,47,
140,condition=H&label=S&respKeyExp=1&respKeyTest=1,44,
143,condition=H&label=S&respKeyExp=1&respKeyTest=1,34,
295,condition=H&label=S&respKeyExp=1&respKeyTest=1,30,
435,condition=H&label=S&respKeyExp=1&respKeyTest=1,35,
368,condition=H&label=S&respKeyExp=1&respKeyTest=1,50,
96,condition=H&label=S&respKeyExp=1&respKeyTest=1,36,
426,condition=H&label=S&respKeyExp=1&respKeyTest=1,51,
448,condition=H&label=S&respKeyExp=1&respKeyTest=0,39,
294,condition=H&label=S&respKeyExp=1&respKeyTest=0,33,
366,condition=H&label=S&respKeyExp=1&respKeyTest=0,48,
278,condition=H&label=S&respKeyExp=1&respKeyTest=0,28,
70,condition=H&label=S&respKeyExp=1&respKeyTest=0,49,
126,condition=H&label=S&respKeyExp=1&respKeyTest=0,47,
357,condition=H&label=S&respKeyExp=1&respKeyTest=0,58,
127,condition=H&label=S&respKeyExp=1&respKeyTest=0,58,
121,condition=H&label=S&respKeyExp=1&respKeyTest=0,33,
134,condition=H&label=S&respKeyExp=1&respKeyTest=0,26,
108,condition=H&label=S&respKeyExp=1&respKeyTest=0,54,
138,condition=H&label=S&respKeyExp=1&respKeyTest=0,29,
115,condition=H&label=S&respKeyExp=1&respKeyTest=0,36,
403,condition=H&label=S&respKeyExp=1&respKeyTest=0,39,
424,condition=H&label=S&respKeyExp=1&respKeyTest=0,64,
119,condition=H&label=S&respKeyExp=1&respKeyTest=0,71,
308,condition=M&label=S&respKeyExp=1&respKeyTest=0,27,
163,condition=M&label=S&respKeyExp=1&respKeyTest=0,57,
402,condition=M&label=S&respKeyExp=1&respKeyTest=0,26,
391,condition=M&label=S&respKeyExp=1&respKeyTest=0,34,
293,condition=M&label=S&respKeyExp=1&respKeyTest=0,30,
335,condition=M&label=S&respKeyExp=1&respKeyTest=0,22,
226,condition=M&label=S&respKeyExp=1&respKeyTest=0,33,
199,condition=M&label=S&respKeyExp=1&respKeyTest=0,38,
160,condition=M&label=S&respKeyExp=1&respKeyTest=0,20,
319,condition=M&label=S&respKeyExp=1&respKeyTest=0,37,
315,condition=M&label=S&respKeyExp=1&respKeyTest=0,29,
384,condition=M&label=S&respKeyExp=1&respKeyTest=0,34,
211,condition=M&label=S&respKeyExp=1&respKeyTest=0,53,
222,condition=M&label=S&respKeyExp=1&respKeyTest=0,52,
193,condition=M&label=S&respKeyExp=1&respKeyTest=0,46,
328,condition=H&label=SH&respKeyExp=1&respKeyTest=0,37,
457,condition=H&label=SH&respKeyExp=1&respKeyTest=0,24,
90,condition=H&label=SH&respKeyExp=1&respKeyTest=0,45,
86,condition=H&label=SH&respKeyExp=1&respKeyTest=0,43,
364,condition=H&label=SH&respKeyExp=1&respKeyTest=0,65,
142,condition=H&label=SH&respKeyExp=1&respKeyTest=0,22,
157,condition=H&label=SH&respKeyExp=1&respKeyTest=0,36,
98,condition=H&label=SH&respKeyExp=1&respKeyTest=0,42,
137,condition=H&label=SH&respKeyExp=1&respKeyTest=0,26,
344,condition=H&label=SH&respKeyExp=1&respKeyTest=0,31,
276,condition=H&label=SH&respKeyExp=1&respKeyTest=0,31,
400,condition=H&label=SH&respKeyExp=1&respKeyTest=0,21,
149,condition=H&label=SH&respKeyExp=1&respKeyTest=0,45,
103,condition=H&label=SH&respKeyExp=1&respKeyTest=0,29,
74,condition=H&label=SH&respKeyExp=1&respKeyTest=0,22,
459,condition=H&label=SH&respKeyExp=1&respKeyTest=0,69,
204,condition=M&label=S&respKeyExp=0&respKeyTest=0,57,
363,condition=M&label=S&respKeyExp=0&respKeyTest=0,59,
379,condition=M&label=S&respKeyExp=0&respKeyTest=0,43,
221,condition=M&label=S&respKeyExp=0&respKeyTest=0,46,
166,condition=M&label=S&respKeyExp=0&respKeyTest=0,25,
291,condition=M&label=S&respKeyExp=0&respKeyTest=0,26,
275,condition=M&label=S&respKeyExp=0&respKeyTest=0,41,
443,condition=M&label=S&respKeyExp=0&respKeyTest=0,44,
231,condition=M&label=S&respKeyExp=0&respKeyTest=0,40,
262,condition=M&label=S&respKeyExp=0&respKeyTest=0,38,
198,condition=M&label=S&respKeyExp=0&respKeyTest=0,64,
202,condition=M&label=S&respKeyExp=0&respKeyTest=0,20,
172,condition=M&label=S&respKeyExp=0&respKeyTest=0,19,
232,condition=M&label=S&respKeyExp=0&respKeyTest=0,40,
399,condition=M&label=S&respKeyExp=0&respKeyTest=0,51,
383,condition=H&label=S&respKeyExp=0&respKeyTest=1,31,
306,condition=H&label=S&respKeyExp=0&respKeyTest=1,32,
73,condition=H&label=S&respKeyExp=0&respKeyTest=1,28,
454,condition=H&label=S&respKeyExp=0&respKeyTest=1,31,
421,condition=H&label=S&respKeyExp=0&respKeyTest=1,50,
118,condition=H&label=S&respKeyExp=0&respKeyTest=1,32,
89,condition=H&label=S&respKeyExp=0&respKeyTest=1,22,
342,condition=H&label=S&respKeyExp=0&respKeyTest=1,29,
290,condition=H&label=S&respKeyExp=0&respKeyTest=1,40,
274,condition=H&label=S&respKeyExp=0&respKeyTest=1,46,
94,condition=H&label=S&respKeyExp=0&respKeyTest=1,49,
404,condition=H&label=S&respKeyExp=0&respKeyTest=1,68,
107,condition=H&label=S&respKeyExp=0&respKeyTest=1,56,
97,condition=H&label=S&respKeyExp=0&respKeyTest=1,20,
155,condition=H&label=S&respKeyExp=0&respKeyTest=1,37,
147,condition=H&label=S&respKeyExp=0&respKeyTest=1,69,
187,condition=M&label=S&respKeyExp=0&respKeyTest=1,71,
179,condition=M&label=S&respKeyExp=0&respKeyTest=1,32,
420,condition=M&label=S&respKeyExp=0&respKeyTest=1,23,
341,condition=M&label=S&respKeyExp=0&respKeyTest=1,40,
260,condition=M&label=S&respKeyExp=0&respKeyTest=1,66,
182,condition=M&label=S&respKeyExp=0&respKeyTest=1,29,
382,condition=M&label=S&respKeyExp=0&respKeyTest=1,36,
376,condition=M&label=S&respKeyExp=0&respKeyTest=1,26,
453,condition=M&label=S&respKeyExp=0&respKeyTest=1,49,
240,condition=M&label=S&respKeyExp=0&respKeyTest=1,58,
176,condition=M&label=S&respKeyExp=0&respKeyTest=1,46,
305,condition=M&label=S&respKeyExp=0&respKeyTest=1,35,
289,condition=M&label=S&respKeyExp=0&respKeyTest=1,56,
230,condition=M&label=S&respKeyExp=0&respKeyTest=1,56,
248,condition=M&label=S&respKeyExp=0&respKeyTest=1,25,
170,condition=M&label=S&respKeyExp=0&respKeyTest=1,26,
169,condition=M&label=SH&respKeyExp=0&respKeyTest=0,39,
209,condition=M&label=SH&respKeyExp=0&respKeyTest=0,21,
321,condition=M&label=SH&respKeyExp=0&respKeyTest=0,58,
188,condition=M&label=SH&respKeyExp=0&respKeyTest=0,31,
175,condition=M&label=SH&respKeyExp=0&respKeyTest=0,43,
398,condition=M&label=SH&respKeyExp=0&respKeyTest=0,60,
451,condition=M&label=SH&respKeyExp=0&respKeyTest=0,33,
323,condition=M&label=SH&respKeyExp=0&respKeyTest=0,36,
181,condition=M&label=SH&respKeyExp=0&respKeyTest=0,21,
325,condition=M&label=SH&respKeyExp=0&respKeyTest=0,46,
442,condition=M&label=SH&respKeyExp=0&respKeyTest=0,30,
196,condition=M&label=SH&respKeyExp=0&respKeyTest=0,18,
456,condition=M&label=SH&respKeyExp=0&respKeyTest=0,22,
194,condition=M&label=SH&respKeyExp=0&respKeyTest=0,68,
288,condition=M&label=SH&respKeyExp=0&respKeyTest=0,34,
214,condition=M&label=SH&respKeyExp=0&respKeyTest=0,43,
369,condition=M&label=SH&respKeyExp=0&respKeyTest=1,64,
303,condition=M&label=SH&respKeyExp=0&respKeyTest=1,31,
178,condition=M&label=SH&respKeyExp=0&respKeyTest=1,38,
227,condition=M&label=SH&respKeyExp=0&respKeyTest=1,28,
241,condition=M&label=SH&respKeyExp=0&respKeyTest=1,36,
201,condition=M&label=SH&respKeyExp=0&respKeyTest=1,22,
168,condition=M&label=SH&respKeyExp=0&respKeyTest=1,42,
449,condition=M&label=SH&respKeyExp=0&respKeyTest=1,54,
218,condition=M&label=SH&respKeyExp=0&respKeyTest=1,32,
271,condition=M&label=SH&respKeyExp=0&respKeyTest=1,42,
197,condition=M&label=SH&respKeyExp=0&respKeyTest=1,36,
378,condition=M&label=SH&respKeyExp=0&respKeyTest=1,39,
208,condition=M&label=SH&respKeyExp=0&respKeyTest=1,40,
433,condition=M&label=SH&respKeyExp=0&respKeyTest=1,54,
213,condition=M&label=SH&respKeyExp=0&respKeyTest=1,28,
287,condition=M&label=SH&respKeyExp=0&respKeyTest=1,46,
186,condition=M&label=SH&respKeyExp=1&respKeyTest=1,18,
375,condition=M&label=SH&respKeyExp=1&respKeyTest=1,37,
380,condition=M&label=SH&respKeyExp=1&respKeyTest=1,40,
236,condition=M&label=SH&respKeyExp=1&respKeyTest=1,49,
361,condition=M&label=SH&respKeyExp=1&respKeyTest=1,26,
245,condition=M&label=SH&respKeyExp=1&respKeyTest=1,48,
229,condition=M&label=SH&respKeyExp=1&respKeyTest=1,21,
462,condition=M&label=SH&respKeyExp=1&respKeyTest=1,19,
247,condition=M&label=SH&respKeyExp=1&respKeyTest=1,40,
184,condition=M&label=SH&respKeyExp=1&respKeyTest=1,39,
463,condition=M&label=SH&respKeyExp=1&respKeyTest=1,25,
177,condition=M&label=SH&respKeyExp=1&respKeyTest=1,25,
416,condition=M&label=SH&respKeyExp=1&respKeyTest=1,32,
286,condition=M&label=SH&respKeyExp=1&respKeyTest=1,25,
235,condition=M&label=SH&respKeyExp=1&respKeyTest=1,,
161,condition=M&label=SH&respKeyExp=1&respKeyTest=1,49,
239,condition=M&label=SH&respKeyExp=1&respKeyTest=1,20,
158,condition=H&label=SH&respKeyExp=0&respKeyTest=0,38,
85,condition=H&label=SH&respKeyExp=0&respKeyTest=0,20,
128,condition=H&label=SH&respKeyExp=0&respKeyTest=0,44,
285,condition=H&label=SH&respKeyExp=0&respKeyTest=0,39,
72,condition=H&label=SH&respKeyExp=0&respKeyTest=0,31,
114,condition=H&label=SH&respKeyExp=0&respKeyTest=0,65,
415,condition=H&label=SH&respKeyExp=0&respKeyTest=0,23,
438,condition=H&label=SH&respKeyExp=0&respKeyTest=0,25,
123,condition=H&label=SH&respKeyExp=0&respKeyTest=0,45,
258,condition=H&label=SH&respKeyExp=0&respKeyTest=0,26,
270,condition=H&label=SH&respKeyExp=0&respKeyTest=0,45,
139,condition=H&label=SH&respKeyExp=0&respKeyTest=0,55,
360,condition=H&label=SH&respKeyExp=0&respKeyTest=0,37,
409,condition=H&label=SH&respKeyExp=0&respKeyTest=0,32,
87,condition=H&label=SH&respKeyExp=0&respKeyTest=0,44,
348,condition=H&label=SH&respKeyExp=0&respKeyTest=0,30,
122,condition=H&label=S&respKeyExp=0&respKeyTest=0,39,
113,condition=H&label=S&respKeyExp=0&respKeyTest=0,38,
429,condition=H&label=S&respKeyExp=0&respKeyTest=0,46,
414,condition=H&label=S&respKeyExp=0&respKeyTest=0,27,
65,condition=H&label=S&respKeyExp=0&respKeyTest=0,23,
66,condition=H&label=S&respKeyExp=0&respKeyTest=0,26,
284,condition=H&label=S&respKeyExp=0&respKeyTest=0,55,
154,condition=H&label=S&respKeyExp=0&respKeyTest=0,38,
92,condition=H&label=S&respKeyExp=0&respKeyTest=0,24,
394,condition=H&label=S&respKeyExp=0&respKeyTest=0,33,
133,condition=H&label=S&respKeyExp=0&respKeyTest=0,49,
316,condition=H&label=S&respKeyExp=0&respKeyTest=0,33,
436,condition=H&label=S&respKeyExp=0&respKeyTest=0,31,
333,condition=H&label=S&respKeyExp=0&respKeyTest=0,78,
125,condition=H&label=S&respKeyExp=0&respKeyTest=0,53,
320,condition=H&label=S&respKeyExp=0&respKeyTest=0,45,
336,condition=H&label=S&respKeyExp=0&respKeyTest=0,22,
203,condition=M&label=S&respKeyExp=1&respKeyTest=1,51,
367,condition=M&label=S&respKeyExp=1&respKeyTest=1,25,
167,condition=M&label=S&respKeyExp=1&respKeyTest=1,53,
314,condition=M&label=S&respKeyExp=1&respKeyTest=1,33,
195,condition=M&label=S&respKeyExp=1&respKeyTest=1,24,
174,condition=M&label=S&respKeyExp=1&respKeyTest=1,41,
412,condition=M&label=S&respKeyExp=1&respKeyTest=1,34,
251,condition=M&label=S&respKeyExp=1&respKeyTest=1,27,
317,condition=M&label=S&respKeyExp=1&respKeyTest=1,26,
165,condition=M&label=S&respKeyExp=1&respKeyTest=1,29,
425,condition=M&label=S&respKeyExp=1&respKeyTest=1,39,
439,condition=M&label=S&respKeyExp=1&respKeyTest=1,27,
318,condition=M&label=S&respKeyExp=1&respKeyTest=1,35,
223,condition=M&label=S&respKeyExp=1&respKeyTest=1,28,
283,condition=M&label=S&respKeyExp=1&respKeyTest=1,57,
246,condition=M&label=S&respKeyExp=1&respKeyTest=1,35,
