workerid,proliferate.condition,respKeyExp,error
386,condition=H&label=SH&respKeyExp=0&respKeyTest=1,0,
461,condition=H&label=SH&respKeyExp=0&respKeyTest=1,0,
282,condition=H&label=SH&respKeyExp=0&respKeyTest=1,0,
313,condition=H&label=SH&respKeyExp=0&respKeyTest=1,0,
153,condition=H&label=SH&respKeyExp=0&respKeyTest=1,0,
104,condition=H&label=SH&respKeyExp=0&respKeyTest=1,0,
78,condition=H&label=SH&respKeyExp=0&respKeyTest=1,0,
254,condition=H&label=SH&respKeyExp=0&respKeyTest=1,0,
93,condition=H&label=SH&respKeyExp=0&respKeyTest=1,0,
464,condition=H&label=SH&respKeyExp=0&respKeyTest=1,0,
267,condition=H&label=SH&respKeyExp=0&respKeyTest=1,0,
298,condition=H&label=SH&respKeyExp=0&respKeyTest=1,0,
88,condition=H&label=SH&respKeyExp=0&respKeyTest=1,0,
144,condition=H&label=SH&respKeyExp=0&respKeyTest=1,0,
117,condition=H&label=SH&respKeyExp=0&respKeyTest=1,0,
311,condition=H&label=SH&respKeyExp=0&respKeyTest=1,0,
393,condition=H&label=SH&respKeyExp=0&respKeyTest=1,0,
79,condition=H&label=SH&respKeyExp=1&respKeyTest=1,1,
309,condition=H&label=SH&respKeyExp=1&respKeyTest=1,1,
281,condition=H&label=SH&respKeyExp=1&respKeyTest=1,1,
255,condition=H&label=SH&respKeyExp=1&respKeyTest=1,1,
116,condition=H&label=SH&respKeyExp=1&respKeyTest=1,1,
112,condition=H&label=SH&respKeyExp=1&respKeyTest=1,1,
105,condition=H&label=SH&respKeyExp=1&respKeyTest=1,1,
452,condition=H&label=SH&respKeyExp=1&respKeyTest=1,1,
249,condition=H&label=SH&respKeyExp=1&respKeyTest=1,1,
406,condition=H&label=SH&respKeyExp=1&respKeyTest=1,1,
297,condition=H&label=SH&respKeyExp=1&respKeyTest=1,1,
156,condition=H&label=SH&respKeyExp=1&respKeyTest=1,1,
124,condition=H&label=SH&respKeyExp=1&respKeyTest=1,1,
312,condition=H&label=SH&respKeyExp=1&respKeyTest=1,1,
392,condition=H&label=SH&respKeyExp=1&respKeyTest=1,1,
81,condition=H&label=SH&respKeyExp=1&respKeyTest=1,1,
280,condition=M&label=SH&respKeyExp=1&respKeyTest=0,1,
220,condition=M&label=SH&respKeyExp=1&respKeyTest=0,1,
444,condition=M&label=SH&respKeyExp=1&respKeyTest=0,1,
242,condition=M&label=SH&respKeyExp=1&respKeyTest=0,1,
180,condition=M&label=SH&respKeyExp=1&respKeyTest=0,1,
200,condition=M&label=SH&respKeyExp=1&respKeyTest=0,1,
173,condition=M&label=SH&respKeyExp=1&respKeyTest=0,1,
351,condition=M&label=SH&respKeyExp=1&respKeyTest=0,1,
253,condition=M&label=SH&respKeyExp=1&respKeyTest=0,1,
162,condition=M&label=SH&respKeyExp=1&respKeyTest=0,1,
265,condition=M&label=SH&respKeyExp=1&respKeyTest=0,1,
331,condition=M&label=SH&respKeyExp=1&respKeyTest=0,1,
243,condition=M&label=SH&respKeyExp=1&respKeyTest=0,1,
326,condition=M&label=SH&respKeyExp=1&respKeyTest=0,1,
450,condition=M&label=SH&respKeyExp=1&respKeyTest=0,1,
370,condition=M&label=SH&respKeyExp=1&respKeyTest=0,1,
345,condition=H&label=S&respKeyExp=1&respKeyTest=1,1,
148,condition=H&label=S&respKeyExp=1&respKeyTest=1,1,
264,condition=H&label=S&respKeyExp=1&respKeyTest=1,1,
279,condition=H&label=S&respKeyExp=1&respKeyTest=1,1,
150,condition=H&label=S&respKeyExp=1&respKeyTest=1,1,
385,condition=H&label=S&respKeyExp=1&respKeyTest=1,1,
84,condition=H&label=S&respKeyExp=1&respKeyTest=1,1,
71,condition=H&label=S&respKeyExp=1&respKeyTest=1,1,
135,condition=H&label=S&respKeyExp=1&respKeyTest=1,1,
140,condition=H&label=S&respKeyExp=1&respKeyTest=1,1,
143,condition=H&label=S&respKeyExp=1&respKeyTest=1,1,
295,condition=H&label=S&respKeyExp=1&respKeyTest=1,1,
435,condition=H&label=S&respKeyExp=1&respKeyTest=1,1,
368,condition=H&label=S&respKeyExp=1&respKeyTest=1,1,
96,condition=H&label=S&respKeyExp=1&respKeyTest=1,1,
426,condition=H&label=S&respKeyExp=1&respKeyTest=1,1,
448,condition=H&label=S&respKeyExp=1&respKeyTest=0,1,
294,condition=H&label=S&respKeyExp=1&respKeyTest=0,1,
366,condition=H&label=S&respKeyExp=1&respKeyTest=0,1,
278,condition=H&label=S&respKeyExp=1&respKeyTest=0,1,
70,condition=H&label=S&respKeyExp=1&respKeyTest=0,1,
126,condition=H&label=S&respKeyExp=1&respKeyTest=0,1,
357,condition=H&label=S&respKeyExp=1&respKeyTest=0,1,
127,condition=H&label=S&respKeyExp=1&respKeyTest=0,1,
121,condition=H&label=S&respKeyExp=1&respKeyTest=0,1,
134,condition=H&label=S&respKeyExp=1&respKeyTest=0,1,
108,condition=H&label=S&respKeyExp=1&respKeyTest=0,1,
138,condition=H&label=S&respKeyExp=1&respKeyTest=0,1,
115,condition=H&label=S&respKeyExp=1&respKeyTest=0,1,
403,condition=H&label=S&respKeyExp=1&respKeyTest=0,1,
424,condition=H&label=S&respKeyExp=1&respKeyTest=0,1,
119,condition=H&label=S&respKeyExp=1&respKeyTest=0,1,
308,condition=M&label=S&respKeyExp=1&respKeyTest=0,1,
163,condition=M&label=S&respKeyExp=1&respKeyTest=0,1,
402,condition=M&label=S&respKeyExp=1&respKeyTest=0,1,
391,condition=M&label=S&respKeyExp=1&respKeyTest=0,1,
293,condition=M&label=S&respKeyExp=1&respKeyTest=0,1,
335,condition=M&label=S&respKeyExp=1&respKeyTest=0,1,
226,condition=M&label=S&respKeyExp=1&respKeyTest=0,1,
199,condition=M&label=S&respKeyExp=1&respKeyTest=0,1,
160,condition=M&label=S&respKeyExp=1&respKeyTest=0,1,
319,condition=M&label=S&respKeyExp=1&respKeyTest=0,1,
315,condition=M&label=S&respKeyExp=1&respKeyTest=0,1,
384,condition=M&label=S&respKeyExp=1&respKeyTest=0,1,
211,condition=M&label=S&respKeyExp=1&respKeyTest=0,1,
222,condition=M&label=S&respKeyExp=1&respKeyTest=0,1,
193,condition=M&label=S&respKeyExp=1&respKeyTest=0,1,
328,condition=H&label=SH&respKeyExp=1&respKeyTest=0,1,
457,condition=H&label=SH&respKeyExp=1&respKeyTest=0,1,
90,condition=H&label=SH&respKeyExp=1&respKeyTest=0,1,
86,condition=H&label=SH&respKeyExp=1&respKeyTest=0,1,
364,condition=H&label=SH&respKeyExp=1&respKeyTest=0,1,
142,condition=H&label=SH&respKeyExp=1&respKeyTest=0,1,
157,condition=H&label=SH&respKeyExp=1&respKeyTest=0,1,
98,condition=H&label=SH&respKeyExp=1&respKeyTest=0,1,
137,condition=H&label=SH&respKeyExp=1&respKeyTest=0,1,
344,condition=H&label=SH&respKeyExp=1&respKeyTest=0,1,
276,condition=H&label=SH&respKeyExp=1&respKeyTest=0,1,
400,condition=H&label=SH&respKeyExp=1&respKeyTest=0,1,
149,condition=H&label=SH&respKeyExp=1&respKeyTest=0,1,
103,condition=H&label=SH&respKeyExp=1&respKeyTest=0,1,
74,condition=H&label=SH&respKeyExp=1&respKeyTest=0,1,
459,condition=H&label=SH&respKeyExp=1&respKeyTest=0,1,
204,condition=M&label=S&respKeyExp=0&respKeyTest=0,0,
363,condition=M&label=S&respKeyExp=0&respKeyTest=0,0,
379,condition=M&label=S&respKeyExp=0&respKeyTest=0,0,
221,condition=M&label=S&respKeyExp=0&respKeyTest=0,0,
166,condition=M&label=S&respKeyExp=0&respKeyTest=0,0,
291,condition=M&label=S&respKeyExp=0&respKeyTest=0,0,
275,condition=M&label=S&respKeyExp=0&respKeyTest=0,0,
443,condition=M&label=S&respKeyExp=0&respKeyTest=0,0,
231,condition=M&label=S&respKeyExp=0&respKeyTest=0,0,
262,condition=M&label=S&respKeyExp=0&respKeyTest=0,0,
198,condition=M&label=S&respKeyExp=0&respKeyTest=0,0,
202,condition=M&label=S&respKeyExp=0&respKeyTest=0,0,
172,condition=M&label=S&respKeyExp=0&respKeyTest=0,0,
232,condition=M&label=S&respKeyExp=0&respKeyTest=0,0,
399,condition=M&label=S&respKeyExp=0&respKeyTest=0,0,
383,condition=H&label=S&respKeyExp=0&respKeyTest=1,0,
306,condition=H&label=S&respKeyExp=0&respKeyTest=1,0,
73,condition=H&label=S&respKeyExp=0&respKeyTest=1,0,
454,condition=H&label=S&respKeyExp=0&respKeyTest=1,0,
421,condition=H&label=S&respKeyExp=0&respKeyTest=1,0,
118,condition=H&label=S&respKeyExp=0&respKeyTest=1,0,
89,condition=H&label=S&respKeyExp=0&respKeyTest=1,0,
342,condition=H&label=S&respKeyExp=0&respKeyTest=1,0,
290,condition=H&label=S&respKeyExp=0&respKeyTest=1,0,
274,condition=H&label=S&respKeyExp=0&respKeyTest=1,0,
94,condition=H&label=S&respKeyExp=0&respKeyTest=1,0,
404,condition=H&label=S&respKeyExp=0&respKeyTest=1,0,
107,condition=H&label=S&respKeyExp=0&respKeyTest=1,0,
97,condition=H&label=S&respKeyExp=0&respKeyTest=1,0,
155,condition=H&label=S&respKeyExp=0&respKeyTest=1,0,
147,condition=H&label=S&respKeyExp=0&respKeyTest=1,0,
187,condition=M&label=S&respKeyExp=0&respKeyTest=1,0,
179,condition=M&label=S&respKeyExp=0&respKeyTest=1,0,
420,condition=M&label=S&respKeyExp=0&respKeyTest=1,0,
341,condition=M&label=S&respKeyExp=0&respKeyTest=1,0,
260,condition=M&label=S&respKeyExp=0&respKeyTest=1,0,
182,condition=M&label=S&respKeyExp=0&respKeyTest=1,0,
382,condition=M&label=S&respKeyExp=0&respKeyTest=1,0,
376,condition=M&label=S&respKeyExp=0&respKeyTest=1,0,
453,condition=M&label=S&respKeyExp=0&respKeyTest=1,0,
240,condition=M&label=S&respKeyExp=0&respKeyTest=1,0,
176,condition=M&label=S&respKeyExp=0&respKeyTest=1,0,
305,condition=M&label=S&respKeyExp=0&respKeyTest=1,0,
289,condition=M&label=S&respKeyExp=0&respKeyTest=1,0,
230,condition=M&label=S&respKeyExp=0&respKeyTest=1,0,
248,condition=M&label=S&respKeyExp=0&respKeyTest=1,0,
170,condition=M&label=S&respKeyExp=0&respKeyTest=1,0,
169,condition=M&label=SH&respKeyExp=0&respKeyTest=0,0,
209,condition=M&label=SH&respKeyExp=0&respKeyTest=0,0,
321,condition=M&label=SH&respKeyExp=0&respKeyTest=0,0,
188,condition=M&label=SH&respKeyExp=0&respKeyTest=0,0,
175,condition=M&label=SH&respKeyExp=0&respKeyTest=0,0,
398,condition=M&label=SH&respKeyExp=0&respKeyTest=0,0,
451,condition=M&label=SH&respKeyExp=0&respKeyTest=0,0,
323,condition=M&label=SH&respKeyExp=0&respKeyTest=0,0,
181,condition=M&label=SH&respKeyExp=0&respKeyTest=0,0,
325,condition=M&label=SH&respKeyExp=0&respKeyTest=0,0,
442,condition=M&label=SH&respKeyExp=0&respKeyTest=0,0,
196,condition=M&label=SH&respKeyExp=0&respKeyTest=0,0,
456,condition=M&label=SH&respKeyExp=0&respKeyTest=0,0,
194,condition=M&label=SH&respKeyExp=0&respKeyTest=0,0,
288,condition=M&label=SH&respKeyExp=0&respKeyTest=0,0,
214,condition=M&label=SH&respKeyExp=0&respKeyTest=0,0,
369,condition=M&label=SH&respKeyExp=0&respKeyTest=1,0,
303,condition=M&label=SH&respKeyExp=0&respKeyTest=1,0,
178,condition=M&label=SH&respKeyExp=0&respKeyTest=1,0,
227,condition=M&label=SH&respKeyExp=0&respKeyTest=1,0,
241,condition=M&label=SH&respKeyExp=0&respKeyTest=1,0,
201,condition=M&label=SH&respKeyExp=0&respKeyTest=1,0,
168,condition=M&label=SH&respKeyExp=0&respKeyTest=1,0,
449,condition=M&label=SH&respKeyExp=0&respKeyTest=1,0,
218,condition=M&label=SH&respKeyExp=0&respKeyTest=1,0,
271,condition=M&label=SH&respKeyExp=0&respKeyTest=1,0,
197,condition=M&label=SH&respKeyExp=0&respKeyTest=1,0,
378,condition=M&label=SH&respKeyExp=0&respKeyTest=1,0,
208,condition=M&label=SH&respKeyExp=0&respKeyTest=1,0,
433,condition=M&label=SH&respKeyExp=0&respKeyTest=1,0,
213,condition=M&label=SH&respKeyExp=0&respKeyTest=1,0,
287,condition=M&label=SH&respKeyExp=0&respKeyTest=1,0,
186,condition=M&label=SH&respKeyExp=1&respKeyTest=1,1,
375,condition=M&label=SH&respKeyExp=1&respKeyTest=1,1,
380,condition=M&label=SH&respKeyExp=1&respKeyTest=1,1,
236,condition=M&label=SH&respKeyExp=1&respKeyTest=1,1,
361,condition=M&label=SH&respKeyExp=1&respKeyTest=1,1,
245,condition=M&label=SH&respKeyExp=1&respKeyTest=1,1,
229,condition=M&label=SH&respKeyExp=1&respKeyTest=1,1,
462,condition=M&label=SH&respKeyExp=1&respKeyTest=1,1,
247,condition=M&label=SH&respKeyExp=1&respKeyTest=1,1,
184,condition=M&label=SH&respKeyExp=1&respKeyTest=1,1,
463,condition=M&label=SH&respKeyExp=1&respKeyTest=1,1,
177,condition=M&label=SH&respKeyExp=1&respKeyTest=1,1,
416,condition=M&label=SH&respKeyExp=1&respKeyTest=1,1,
286,condition=M&label=SH&respKeyExp=1&respKeyTest=1,1,
235,condition=M&label=SH&respKeyExp=1&respKeyTest=1,1,
161,condition=M&label=SH&respKeyExp=1&respKeyTest=1,1,
239,condition=M&label=SH&respKeyExp=1&respKeyTest=1,1,
158,condition=H&label=SH&respKeyExp=0&respKeyTest=0,0,
85,condition=H&label=SH&respKeyExp=0&respKeyTest=0,0,
128,condition=H&label=SH&respKeyExp=0&respKeyTest=0,0,
285,condition=H&label=SH&respKeyExp=0&respKeyTest=0,0,
72,condition=H&label=SH&respKeyExp=0&respKeyTest=0,0,
114,condition=H&label=SH&respKeyExp=0&respKeyTest=0,0,
415,condition=H&label=SH&respKeyExp=0&respKeyTest=0,0,
438,condition=H&label=SH&respKeyExp=0&respKeyTest=0,0,
123,condition=H&label=SH&respKeyExp=0&respKeyTest=0,0,
258,condition=H&label=SH&respKeyExp=0&respKeyTest=0,0,
270,condition=H&label=SH&respKeyExp=0&respKeyTest=0,0,
139,condition=H&label=SH&respKeyExp=0&respKeyTest=0,0,
360,condition=H&label=SH&respKeyExp=0&respKeyTest=0,0,
409,condition=H&label=SH&respKeyExp=0&respKeyTest=0,0,
87,condition=H&label=SH&respKeyExp=0&respKeyTest=0,0,
348,condition=H&label=SH&respKeyExp=0&respKeyTest=0,0,
122,condition=H&label=S&respKeyExp=0&respKeyTest=0,0,
113,condition=H&label=S&respKeyExp=0&respKeyTest=0,0,
429,condition=H&label=S&respKeyExp=0&respKeyTest=0,0,
414,condition=H&label=S&respKeyExp=0&respKeyTest=0,0,
65,condition=H&label=S&respKeyExp=0&respKeyTest=0,0,
66,condition=H&label=S&respKeyExp=0&respKeyTest=0,0,
284,condition=H&label=S&respKeyExp=0&respKeyTest=0,0,
154,condition=H&label=S&respKeyExp=0&respKeyTest=0,0,
92,condition=H&label=S&respKeyExp=0&respKeyTest=0,0,
394,condition=H&label=S&respKeyExp=0&respKeyTest=0,0,
133,condition=H&label=S&respKeyExp=0&respKeyTest=0,0,
316,condition=H&label=S&respKeyExp=0&respKeyTest=0,0,
436,condition=H&label=S&respKeyExp=0&respKeyTest=0,0,
333,condition=H&label=S&respKeyExp=0&respKeyTest=0,0,
125,condition=H&label=S&respKeyExp=0&respKeyTest=0,0,
320,condition=H&label=S&respKeyExp=0&respKeyTest=0,0,
336,condition=H&label=S&respKeyExp=0&respKeyTest=0,0,
203,condition=M&label=S&respKeyExp=1&respKeyTest=1,1,
367,condition=M&label=S&respKeyExp=1&respKeyTest=1,1,
167,condition=M&label=S&respKeyExp=1&respKeyTest=1,1,
314,condition=M&label=S&respKeyExp=1&respKeyTest=1,1,
195,condition=M&label=S&respKeyExp=1&respKeyTest=1,1,
174,condition=M&label=S&respKeyExp=1&respKeyTest=1,1,
412,condition=M&label=S&respKeyExp=1&respKeyTest=1,1,
251,condition=M&label=S&respKeyExp=1&respKeyTest=1,1,
317,condition=M&label=S&respKeyExp=1&respKeyTest=1,1,
165,condition=M&label=S&respKeyExp=1&respKeyTest=1,1,
425,condition=M&label=S&respKeyExp=1&respKeyTest=1,1,
439,condition=M&label=S&respKeyExp=1&respKeyTest=1,1,
318,condition=M&label=S&respKeyExp=1&respKeyTest=1,1,
223,condition=M&label=S&respKeyExp=1&respKeyTest=1,1,
283,condition=M&label=S&respKeyExp=1&respKeyTest=1,1,
246,condition=M&label=S&respKeyExp=1&respKeyTest=1,1,
