workerid,proliferate.condition,userDateTimeOffset,error
386,condition=H&label=SH&respKeyExp=0&respKeyTest=1,240,
461,condition=H&label=SH&respKeyExp=0&respKeyTest=1,240,
282,condition=H&label=SH&respKeyExp=0&respKeyTest=1,240,
313,condition=H&label=SH&respKeyExp=0&respKeyTest=1,240,
153,condition=H&label=SH&respKeyExp=0&respKeyTest=1,300,
104,condition=H&label=SH&respKeyExp=0&respKeyTest=1,300,
78,condition=H&label=SH&respKeyExp=0&respKeyTest=1,300,
254,condition=H&label=SH&respKeyExp=0&respKeyTest=1,300,
93,condition=H&label=SH&respKeyExp=0&respKeyTest=1,300,
464,condition=H&label=SH&respKeyExp=0&respKeyTest=1,300,
267,condition=H&label=SH&respKeyExp=0&respKeyTest=1,240,
298,condition=H&label=SH&respKeyExp=0&respKeyTest=1,240,
88,condition=H&label=SH&respKeyExp=0&respKeyTest=1,240,
144,condition=H&label=SH&respKeyExp=0&respKeyTest=1,300,
117,condition=H&label=SH&respKeyExp=0&respKeyTest=1,240,
311,condition=H&label=SH&respKeyExp=0&respKeyTest=1,240,
393,condition=H&label=SH&respKeyExp=0&respKeyTest=1,240,
79,condition=H&label=SH&respKeyExp=1&respKeyTest=1,240,
309,condition=H&label=SH&respKeyExp=1&respKeyTest=1,240,
281,condition=H&label=SH&respKeyExp=1&respKeyTest=1,240,
255,condition=H&label=SH&respKeyExp=1&respKeyTest=1,300,
116,condition=H&label=SH&respKeyExp=1&respKeyTest=1,420,
112,condition=H&label=SH&respKeyExp=1&respKeyTest=1,240,
105,condition=H&label=SH&respKeyExp=1&respKeyTest=1,240,
452,condition=H&label=SH&respKeyExp=1&respKeyTest=1,240,
249,condition=H&label=SH&respKeyExp=1&respKeyTest=1,360,
406,condition=H&label=SH&respKeyExp=1&respKeyTest=1,300,
297,condition=H&label=SH&respKeyExp=1&respKeyTest=1,240,
156,condition=H&label=SH&respKeyExp=1&respKeyTest=1,240,
124,condition=H&label=SH&respKeyExp=1&respKeyTest=1,420,
312,condition=H&label=SH&respKeyExp=1&respKeyTest=1,240,
392,condition=H&label=SH&respKeyExp=1&respKeyTest=1,420,
81,condition=H&label=SH&respKeyExp=1&respKeyTest=1,300,
280,condition=M&label=SH&respKeyExp=1&respKeyTest=0,240,
220,condition=M&label=SH&respKeyExp=1&respKeyTest=0,240,
444,condition=M&label=SH&respKeyExp=1&respKeyTest=0,240,
242,condition=M&label=SH&respKeyExp=1&respKeyTest=0,240,
180,condition=M&label=SH&respKeyExp=1&respKeyTest=0,360,
200,condition=M&label=SH&respKeyExp=1&respKeyTest=0,300,
173,condition=M&label=SH&respKeyExp=1&respKeyTest=0,360,
351,condition=M&label=SH&respKeyExp=1&respKeyTest=0,300,
253,condition=M&label=SH&respKeyExp=1&respKeyTest=0,420,
162,condition=M&label=SH&respKeyExp=1&respKeyTest=0,240,
265,condition=M&label=SH&respKeyExp=1&respKeyTest=0,240,
331,condition=M&label=SH&respKeyExp=1&respKeyTest=0,240,
243,condition=M&label=SH&respKeyExp=1&respKeyTest=0,240,
326,condition=M&label=SH&respKeyExp=1&respKeyTest=0,360,
450,condition=M&label=SH&respKeyExp=1&respKeyTest=0,240,
370,condition=M&label=SH&respKeyExp=1&respKeyTest=0,240,
345,condition=H&label=S&respKeyExp=1&respKeyTest=1,300,
148,condition=H&label=S&respKeyExp=1&respKeyTest=1,240,
264,condition=H&label=S&respKeyExp=1&respKeyTest=1,240,
279,condition=H&label=S&respKeyExp=1&respKeyTest=1,240,
150,condition=H&label=S&respKeyExp=1&respKeyTest=1,300,
385,condition=H&label=S&respKeyExp=1&respKeyTest=1,240,
84,condition=H&label=S&respKeyExp=1&respKeyTest=1,240,
71,condition=H&label=S&respKeyExp=1&respKeyTest=1,420,
135,condition=H&label=S&respKeyExp=1&respKeyTest=1,420,
140,condition=H&label=S&respKeyExp=1&respKeyTest=1,240,
143,condition=H&label=S&respKeyExp=1&respKeyTest=1,600,
295,condition=H&label=S&respKeyExp=1&respKeyTest=1,240,
435,condition=H&label=S&respKeyExp=1&respKeyTest=1,420,
368,condition=H&label=S&respKeyExp=1&respKeyTest=1,300,
96,condition=H&label=S&respKeyExp=1&respKeyTest=1,300,
426,condition=H&label=S&respKeyExp=1&respKeyTest=1,240,
448,condition=H&label=S&respKeyExp=1&respKeyTest=0,240,
294,condition=H&label=S&respKeyExp=1&respKeyTest=0,300,
366,condition=H&label=S&respKeyExp=1&respKeyTest=0,240,
278,condition=H&label=S&respKeyExp=1&respKeyTest=0,300,
70,condition=H&label=S&respKeyExp=1&respKeyTest=0,420,
126,condition=H&label=S&respKeyExp=1&respKeyTest=0,240,
357,condition=H&label=S&respKeyExp=1&respKeyTest=0,420,
127,condition=H&label=S&respKeyExp=1&respKeyTest=0,240,
121,condition=H&label=S&respKeyExp=1&respKeyTest=0,420,
134,condition=H&label=S&respKeyExp=1&respKeyTest=0,420,
108,condition=H&label=S&respKeyExp=1&respKeyTest=0,300,
138,condition=H&label=S&respKeyExp=1&respKeyTest=0,420,
115,condition=H&label=S&respKeyExp=1&respKeyTest=0,240,
403,condition=H&label=S&respKeyExp=1&respKeyTest=0,300,
424,condition=H&label=S&respKeyExp=1&respKeyTest=0,420,
119,condition=H&label=S&respKeyExp=1&respKeyTest=0,420,
308,condition=M&label=S&respKeyExp=1&respKeyTest=0,240,
163,condition=M&label=S&respKeyExp=1&respKeyTest=0,300,
402,condition=M&label=S&respKeyExp=1&respKeyTest=0,420,
391,condition=M&label=S&respKeyExp=1&respKeyTest=0,420,
293,condition=M&label=S&respKeyExp=1&respKeyTest=0,300,
335,condition=M&label=S&respKeyExp=1&respKeyTest=0,420,
226,condition=M&label=S&respKeyExp=1&respKeyTest=0,240,
199,condition=M&label=S&respKeyExp=1&respKeyTest=0,240,
160,condition=M&label=S&respKeyExp=1&respKeyTest=0,420,
319,condition=M&label=S&respKeyExp=1&respKeyTest=0,300,
315,condition=M&label=S&respKeyExp=1&respKeyTest=0,240,
384,condition=M&label=S&respKeyExp=1&respKeyTest=0,240,
211,condition=M&label=S&respKeyExp=1&respKeyTest=0,420,
222,condition=M&label=S&respKeyExp=1&respKeyTest=0,240,
193,condition=M&label=S&respKeyExp=1&respKeyTest=0,360,
328,condition=H&label=SH&respKeyExp=1&respKeyTest=0,240,
457,condition=H&label=SH&respKeyExp=1&respKeyTest=0,240,
90,condition=H&label=SH&respKeyExp=1&respKeyTest=0,420,
86,condition=H&label=SH&respKeyExp=1&respKeyTest=0,240,
364,condition=H&label=SH&respKeyExp=1&respKeyTest=0,300,
142,condition=H&label=SH&respKeyExp=1&respKeyTest=0,300,
157,condition=H&label=SH&respKeyExp=1&respKeyTest=0,420,
98,condition=H&label=SH&respKeyExp=1&respKeyTest=0,300,
137,condition=H&label=SH&respKeyExp=1&respKeyTest=0,300,
344,condition=H&label=SH&respKeyExp=1&respKeyTest=0,300,
276,condition=H&label=SH&respKeyExp=1&respKeyTest=0,420,
400,condition=H&label=SH&respKeyExp=1&respKeyTest=0,240,
149,condition=H&label=SH&respKeyExp=1&respKeyTest=0,420,
103,condition=H&label=SH&respKeyExp=1&respKeyTest=0,240,
74,condition=H&label=SH&respKeyExp=1&respKeyTest=0,240,
459,condition=H&label=SH&respKeyExp=1&respKeyTest=0,240,
204,condition=M&label=S&respKeyExp=0&respKeyTest=0,300,
363,condition=M&label=S&respKeyExp=0&respKeyTest=0,240,
379,condition=M&label=S&respKeyExp=0&respKeyTest=0,240,
221,condition=M&label=S&respKeyExp=0&respKeyTest=0,240,
166,condition=M&label=S&respKeyExp=0&respKeyTest=0,240,
291,condition=M&label=S&respKeyExp=0&respKeyTest=0,300,
275,condition=M&label=S&respKeyExp=0&respKeyTest=0,240,
443,condition=M&label=S&respKeyExp=0&respKeyTest=0,300,
231,condition=M&label=S&respKeyExp=0&respKeyTest=0,240,
262,condition=M&label=S&respKeyExp=0&respKeyTest=0,240,
198,condition=M&label=S&respKeyExp=0&respKeyTest=0,240,
202,condition=M&label=S&respKeyExp=0&respKeyTest=0,240,
172,condition=M&label=S&respKeyExp=0&respKeyTest=0,300,
232,condition=M&label=S&respKeyExp=0&respKeyTest=0,300,
399,condition=M&label=S&respKeyExp=0&respKeyTest=0,300,
383,condition=H&label=S&respKeyExp=0&respKeyTest=1,420,
306,condition=H&label=S&respKeyExp=0&respKeyTest=1,420,
73,condition=H&label=S&respKeyExp=0&respKeyTest=1,240,
454,condition=H&label=S&respKeyExp=0&respKeyTest=1,300,
421,condition=H&label=S&respKeyExp=0&respKeyTest=1,300,
118,condition=H&label=S&respKeyExp=0&respKeyTest=1,420,
89,condition=H&label=S&respKeyExp=0&respKeyTest=1,420,
342,condition=H&label=S&respKeyExp=0&respKeyTest=1,240,
290,condition=H&label=S&respKeyExp=0&respKeyTest=1,300,
274,condition=H&label=S&respKeyExp=0&respKeyTest=1,300,
94,condition=H&label=S&respKeyExp=0&respKeyTest=1,420,
404,condition=H&label=S&respKeyExp=0&respKeyTest=1,240,
107,condition=H&label=S&respKeyExp=0&respKeyTest=1,420,
97,condition=H&label=S&respKeyExp=0&respKeyTest=1,240,
155,condition=H&label=S&respKeyExp=0&respKeyTest=1,300,
147,condition=H&label=S&respKeyExp=0&respKeyTest=1,300,
187,condition=M&label=S&respKeyExp=0&respKeyTest=1,300,
179,condition=M&label=S&respKeyExp=0&respKeyTest=1,420,
420,condition=M&label=S&respKeyExp=0&respKeyTest=1,300,
341,condition=M&label=S&respKeyExp=0&respKeyTest=1,240,
260,condition=M&label=S&respKeyExp=0&respKeyTest=1,240,
182,condition=M&label=S&respKeyExp=0&respKeyTest=1,240,
382,condition=M&label=S&respKeyExp=0&respKeyTest=1,300,
376,condition=M&label=S&respKeyExp=0&respKeyTest=1,240,
453,condition=M&label=S&respKeyExp=0&respKeyTest=1,240,
240,condition=M&label=S&respKeyExp=0&respKeyTest=1,240,
176,condition=M&label=S&respKeyExp=0&respKeyTest=1,240,
305,condition=M&label=S&respKeyExp=0&respKeyTest=1,240,
289,condition=M&label=S&respKeyExp=0&respKeyTest=1,240,
230,condition=M&label=S&respKeyExp=0&respKeyTest=1,360,
248,condition=M&label=S&respKeyExp=0&respKeyTest=1,420,
170,condition=M&label=S&respKeyExp=0&respKeyTest=1,240,
169,condition=M&label=SH&respKeyExp=0&respKeyTest=0,240,
209,condition=M&label=SH&respKeyExp=0&respKeyTest=0,420,
321,condition=M&label=SH&respKeyExp=0&respKeyTest=0,300,
188,condition=M&label=SH&respKeyExp=0&respKeyTest=0,240,
175,condition=M&label=SH&respKeyExp=0&respKeyTest=0,240,
398,condition=M&label=SH&respKeyExp=0&respKeyTest=0,360,
451,condition=M&label=SH&respKeyExp=0&respKeyTest=0,300,
323,condition=M&label=SH&respKeyExp=0&respKeyTest=0,240,
181,condition=M&label=SH&respKeyExp=0&respKeyTest=0,300,
325,condition=M&label=SH&respKeyExp=0&respKeyTest=0,240,
442,condition=M&label=SH&respKeyExp=0&respKeyTest=0,300,
196,condition=M&label=SH&respKeyExp=0&respKeyTest=0,240,
456,condition=M&label=SH&respKeyExp=0&respKeyTest=0,300,
194,condition=M&label=SH&respKeyExp=0&respKeyTest=0,420,
288,condition=M&label=SH&respKeyExp=0&respKeyTest=0,240,
214,condition=M&label=SH&respKeyExp=0&respKeyTest=0,240,
369,condition=M&label=SH&respKeyExp=0&respKeyTest=1,240,
303,condition=M&label=SH&respKeyExp=0&respKeyTest=1,300,
178,condition=M&label=SH&respKeyExp=0&respKeyTest=1,300,
227,condition=M&label=SH&respKeyExp=0&respKeyTest=1,300,
241,condition=M&label=SH&respKeyExp=0&respKeyTest=1,300,
201,condition=M&label=SH&respKeyExp=0&respKeyTest=1,420,
168,condition=M&label=SH&respKeyExp=0&respKeyTest=1,240,
449,condition=M&label=SH&respKeyExp=0&respKeyTest=1,300,
218,condition=M&label=SH&respKeyExp=0&respKeyTest=1,300,
271,condition=M&label=SH&respKeyExp=0&respKeyTest=1,240,
197,condition=M&label=SH&respKeyExp=0&respKeyTest=1,240,
378,condition=M&label=SH&respKeyExp=0&respKeyTest=1,300,
208,condition=M&label=SH&respKeyExp=0&respKeyTest=1,240,
433,condition=M&label=SH&respKeyExp=0&respKeyTest=1,420,
213,condition=M&label=SH&respKeyExp=0&respKeyTest=1,300,
287,condition=M&label=SH&respKeyExp=0&respKeyTest=1,240,
186,condition=M&label=SH&respKeyExp=1&respKeyTest=1,300,
375,condition=M&label=SH&respKeyExp=1&respKeyTest=1,420,
380,condition=M&label=SH&respKeyExp=1&respKeyTest=1,240,
236,condition=M&label=SH&respKeyExp=1&respKeyTest=1,420,
361,condition=M&label=SH&respKeyExp=1&respKeyTest=1,240,
245,condition=M&label=SH&respKeyExp=1&respKeyTest=1,300,
229,condition=M&label=SH&respKeyExp=1&respKeyTest=1,300,
462,condition=M&label=SH&respKeyExp=1&respKeyTest=1,240,
247,condition=M&label=SH&respKeyExp=1&respKeyTest=1,240,
184,condition=M&label=SH&respKeyExp=1&respKeyTest=1,240,
463,condition=M&label=SH&respKeyExp=1&respKeyTest=1,420,
177,condition=M&label=SH&respKeyExp=1&respKeyTest=1,300,
416,condition=M&label=SH&respKeyExp=1&respKeyTest=1,240,
286,condition=M&label=SH&respKeyExp=1&respKeyTest=1,300,
235,condition=M&label=SH&respKeyExp=1&respKeyTest=1,300,
161,condition=M&label=SH&respKeyExp=1&respKeyTest=1,300,
239,condition=M&label=SH&respKeyExp=1&respKeyTest=1,240,
158,condition=H&label=SH&respKeyExp=0&respKeyTest=0,240,
85,condition=H&label=SH&respKeyExp=0&respKeyTest=0,420,
128,condition=H&label=SH&respKeyExp=0&respKeyTest=0,420,
285,condition=H&label=SH&respKeyExp=0&respKeyTest=0,240,
72,condition=H&label=SH&respKeyExp=0&respKeyTest=0,240,
114,condition=H&label=SH&respKeyExp=0&respKeyTest=0,240,
415,condition=H&label=SH&respKeyExp=0&respKeyTest=0,240,
438,condition=H&label=SH&respKeyExp=0&respKeyTest=0,420,
123,condition=H&label=SH&respKeyExp=0&respKeyTest=0,240,
258,condition=H&label=SH&respKeyExp=0&respKeyTest=0,240,
270,condition=H&label=SH&respKeyExp=0&respKeyTest=0,240,
139,condition=H&label=SH&respKeyExp=0&respKeyTest=0,240,
360,condition=H&label=SH&respKeyExp=0&respKeyTest=0,420,
409,condition=H&label=SH&respKeyExp=0&respKeyTest=0,360,
87,condition=H&label=SH&respKeyExp=0&respKeyTest=0,420,
348,condition=H&label=SH&respKeyExp=0&respKeyTest=0,420,
122,condition=H&label=S&respKeyExp=0&respKeyTest=0,420,
113,condition=H&label=S&respKeyExp=0&respKeyTest=0,240,
429,condition=H&label=S&respKeyExp=0&respKeyTest=0,300,
414,condition=H&label=S&respKeyExp=0&respKeyTest=0,420,
65,condition=H&label=S&respKeyExp=0&respKeyTest=0,420,
66,condition=H&label=S&respKeyExp=0&respKeyTest=0,240,
284,condition=H&label=S&respKeyExp=0&respKeyTest=0,420,
154,condition=H&label=S&respKeyExp=0&respKeyTest=0,420,
92,condition=H&label=S&respKeyExp=0&respKeyTest=0,300,
394,condition=H&label=S&respKeyExp=0&respKeyTest=0,240,
133,condition=H&label=S&respKeyExp=0&respKeyTest=0,240,
316,condition=H&label=S&respKeyExp=0&respKeyTest=0,300,
436,condition=H&label=S&respKeyExp=0&respKeyTest=0,240,
333,condition=H&label=S&respKeyExp=0&respKeyTest=0,240,
125,condition=H&label=S&respKeyExp=0&respKeyTest=0,240,
320,condition=H&label=S&respKeyExp=0&respKeyTest=0,300,
336,condition=H&label=S&respKeyExp=0&respKeyTest=0,300,
203,condition=M&label=S&respKeyExp=1&respKeyTest=1,240,
367,condition=M&label=S&respKeyExp=1&respKeyTest=1,360,
167,condition=M&label=S&respKeyExp=1&respKeyTest=1,240,
314,condition=M&label=S&respKeyExp=1&respKeyTest=1,300,
195,condition=M&label=S&respKeyExp=1&respKeyTest=1,240,
174,condition=M&label=S&respKeyExp=1&respKeyTest=1,240,
412,condition=M&label=S&respKeyExp=1&respKeyTest=1,240,
251,condition=M&label=S&respKeyExp=1&respKeyTest=1,240,
317,condition=M&label=S&respKeyExp=1&respKeyTest=1,300,
165,condition=M&label=S&respKeyExp=1&respKeyTest=1,420,
425,condition=M&label=S&respKeyExp=1&respKeyTest=1,420,
439,condition=M&label=S&respKeyExp=1&respKeyTest=1,300,
318,condition=M&label=S&respKeyExp=1&respKeyTest=1,420,
223,condition=M&label=S&respKeyExp=1&respKeyTest=1,420,
283,condition=M&label=S&respKeyExp=1&respKeyTest=1,420,
246,condition=M&label=S&respKeyExp=1&respKeyTest=1,420,
